{"cameraMode":{"drawMode":0,"name":"Shaded","section":"Shading Mode"},"sceneLighting":true,"audioPlay":false,"sceneViewState":{"m_AlwaysRefresh":false,"showFog":true,"showSkybox":true,"showFlares":true,"showImageEffects":true,"showParticleSystems":true,"showVisualEffectGraphs":true,"m_FxEnabled":true},"in2DMode":false,"pivot":{"x":0.9980434775352478,"y":0.03201775252819061,"z":0.12952262163162232},"rotation":{"x":-0.11641745269298554,"y":0.011913616210222245,"z":0.0013964972458779812,"w":0.9931279420852661},"size":0.12109357118606568,"orthographic":false}